,precision,recall,f1-score,support
sw_0,0.7307692307692307,0.9047619047619048,0.8085106382978723,21.0
sw_1,0.6666666666666666,0.36363636363636365,0.4705882352941177,11.0
sw_2,0.6666666666666666,0.6666666666666666,0.6666666666666666,21.0
accuracy,0.6981132075471698,0.6981132075471698,0.6981132075471698,0.6981132075471698
macro avg,0.6880341880341879,0.6450216450216449,0.6485885134195523,53.0
weighted avg,0.6920657958393808,0.6981132075471698,0.6821734715564266,53.0
